id|firstname|lastname|email|accountdebt|accountnumber
92|Jennie|Hawkins|do@zutaw.pl|-898503172476.1088|83094527
64|Shane|Parker|pi@kohpibnug.cn|54684948417.7408|72349618
11|Lucille|Lyons|ibenari@zojutiz.us|609440289626.5216|12384756
48|Juan|Patterson|de@keggenba.no|233195241367.1424|65918734
16|Barbara|Simpson|jekad@sogma.gs|685245275832.32|38426195
46|Iva|Russell|agfaam@veerazus.vi|259035999345.0496|92468573
65|Myrtie|Rose|cahakised@pu.no|409436085760.8192|38429576
55|Ina|Vaughn|duvapopel@paeb.ch|613870818505.5232|57283641
20|Mitchell|Todd|anbi@tan.vn|792546242461.696|19874562
94|Owen|Hunt|tewih@opokivi.tf|-765147004010.496|58362947
40|Allen|Ramirez|ecawero@vu.pg|280272545670.7584|37482965
14|Don|Hamilton|zabluj@cutac.ni|899049765784.7808|28374569
4|Stella|Bridges|wew@foroedu.vc|346514078774.0672|47182395
15|Randy|Schmidt|ra@bagra.ke|-67084888938.9056|19834576
79|Elsie|McKinney|het@ututjar.bj|-243996211701.3504|48275693
35|Evan|Romero|nukji@hahac.eg|6240636973.8752|57382941
18|Dominic|Potter|iwemofof@ras.ba|-586322496454.656|38574962
19|Agnes|Burton|ifoke@tevcaz.net|84235406802.944|76429385
17|Lena|Owen|lup@coc.gt|-315555507811.1232|62738419
26|Noah|Henderson|le@avemofe.vu|-365092727370.5472|19384756
99|Franklin|Mann|huzudoh@nodiwvat.sj|-862956518637.568|57493826
44|Josie|Cummings|zabohrif@ban.jo|-335726807875.584|93847265
49|Jesus|Phillips|ob@cewveddu.dz|1007627848.9088|84739265
86|Ernest|Carson|vihafdu@vojemiw.va|764294199666.2784|29387465
23|Phillip|Rodgers|reb@togetace.ca|-148308741010.2272|10293847
37|Bernice|Nichols|ce@efuhoj.sz|356402999381.1968|23487659
89|Jane|Watson|de@dew.cw|-489440493017.4976|74619283
60|Evelyn|Schneider|nevgib@wavojja.mc|785670761506.4064|58376149
45|Rhoda|Wise|nosmo@tet.kp|-893793568869.5808|92387456
3|Nora|Thomas|hiemva@bev.gi|432561978133.7088|94837265
63|Clayton|Martin|opu@peposos.id|809712631572.0704|19876543
22|Annie|Burke|wotsu@felushor.ch|-424751679930.368|47283956
70|Erik|Floyd|eviden@ecicjes.bi|884944618808.9344|83746512
91|Jonathan|Herrera|di@nuise.gp|-721934736582.2465|28364759
100|Leroy|Brewer|sinok@ahifoke.hn|-749373005129.3184|56473829
32|Myra|Lucas|co@ob.tz|-83989147890.4832|12938475
36|Alberta|Hunt|igelesu@kibuj.nf|-405412032335.0528|98745632
31|Roy|Richardson|kif@usgaga.fi|-188603236247.1424|39485726
13|Millie|Lucas|viwpil@gusij.tl|366567389292.1344|57483962
98|Winifred|Phelps|jejiguhon@ubweuh.tc|-159089928070.7584|84927365
29|Alfred|Clayton|sannor@fafamfo.mw|432805287192.1664|58473926
77|Alex|Bates|pabva@efuc.am|751244498540.9536|28473956
54|Lida|Gill|pawaci@denoni.ci|-42144887524.5568|91837465
83|Luis|Park|wobsu@teow.nf|389979465737.8304|75839264
76|Scott|Sparks|ajpo@ez.sd|719973091639.296|48273956
47|Gregory|Frank|dovo@viroh.bq|517629979865.9072|57382946
56|Clifford|Park|cajin@zilitag.ai|494131880761.7536|23874659
53|Sallie|Robbins|tezenloj@luddapus.gy|796031216254.976|37584962
5|Mittie|Gibson|uhu@cewnam.cr|-861276904148.1729|29384756
97|Jordan|Tran|va@teigaud.mo|521762474085.5808|58293647
81|Ryan|Phillips|gojdo@taz.nu|454569930365.3376|64738295
95|Rose|Arnold|ifweiza@vovwu.lc|211495682.048|19384765
66|Larry|Fitzgerald|if@nivwepwuw.md|475263045048.7296|48572936
51|Jackson|Vargas|tuv@hew.mz|-393068967414.9888|58394726
38|Madge|Adkins|iramu@punur.rs|-147998740001.5872|29384765
41|Alma|Ramirez|ibo@siza.hn|275013551993.6512|48273659
13|Millie|Lucas|viwpil@gusij.tl|-667362869116.928|57483962
1|Roxie|Wilson|javuc@fohwalpi.sl|713130501996.544|38472965
9|Darrell|Banks|gicah@wakhemot.gr|-580882105001.5743|28374659
24|Marian|Sanders|ro@tokamkor.edu|-552765103276.032|74928365
62|Belle|Jefferson|lecwuput@kuraj.br|-710385304023.8593|92837465
51|Jackson|Vargas|tuv@hew.mz|-807182876121.4976|58394726
8|Bernice|Myers|lumgab@ike.kn|143219141849.9072|39485736
85|Clarence|Baker|tuepi@uvipi.mo|-470289723739.3408|84739256
34|Virginia|Greene|huecanod@ra.lk|589730715323.5968|57283946
75|Louise|Mills|li@apsow.af|502255751004.16|38475629
87|Leona|Allison|tehne@zih.me|-661908539572.224|29475638
2|Lawrence|Farmer|uje@giga.ml|525046687517.9008|57482936
74|Alberta|Hammond|loruploz@gi.bq|528124225362.3296|83947265
73|Beulah|Copeland|vuv@cukrocje.pr|99348772605.1328|19284756
10|Janie|Glover|zoji@ukbojpu.tn|154051532973.6704|38475692
42|Ollie|McGuire|edo@na.hu|-443682140035.4816|29485736
21|Ivan|Massey|wapjuiha@fa.bv|-99341664518.144|58372946
96|Isaiah|Hogan|nigug@zarouha.ly|511519440974.6432|58394762
71|Rachel|Ferguson|nafuklor@itovutu.ag|838456372205.9775|38492765
5|Mittie|Gibson|uhu@cewnam.cr|-822489621148.4672|29384756
28|Polly|Mason|vethup@bos.gh|445065383745.9456|57284693
18|Dominic|Potter|iwemofof@ras.ba|532685802333.7984|38574962
78|Corey|Fuller|za@jettaeca.bw|557496614571.2128|29483756
72|Pearl|Rowe|mizusa@en.dz|349722833741.4144|19837456
30|May|Dixon|lulli@gisove.be|677437657789.2352|27483965
58|Brent|Atkins|heb@ruraum.dk|729554566407.7823|28394756
38|Madge|Adkins|iramu@punur.rs|446227908080.4352|29384765
41|Alma|Ramirez|ibo@siza.hn|-746429266421.3503|48273659
47|Gregory|Frank|dovo@viroh.bq|-436456572269.3632|57382946
6|Franklin|McDaniel|hi@sasge.lk|-478610769890.5088|48392765
43|Owen|Figueroa|elo@ohe.fo|489545240726.7328|47283965
57|Winifred|Rose|darfu@tioka.om|-702610774845.0304|83746529
39|Lilly|Rodgers|gumilu@womah.lt|493889157647.5648|19283746
12|Nannie|Barber|ribewif@wovhi.ug|869456118651.2896|19384762
44|Josie|Cummings|zabohrif@ban.jo|94479029213.5936|93847265
7|Florence|Casey|ewvoduz@vortigcu.om|140231314296.0128|19283756
38|Madge|Adkins|iramu@punur.rs|147143240817.0496|29384765
34|Virginia|Greene|huecanod@ra.lk|730931046383.616|57283946
10|Janie|Glover|zoji@ukbojpu.tn|-811996742575.7184|38475692
41|Alma|Ramirez|ibo@siza.hn|-691730202492.928|48273659
33|Johanna|Luna|ge@modaf.io|152253574938.624|43764598
69|Celia|Wolfe|zu@witlegziv.ls|103724580077.568|43645647
88|Mabelle|McCoy|hun@jesnup.sy|-274697885319.168|43526697
67|Scott|Parks|hefa@tutajnon.vu|-287136734301.3888|43407746
Created @ : Wed Jun 05 17:29:02 SGT 2024