id|firstname|lastname|email|accountnumber
1|Roxie|Wilson|javuc@fohwalpi.sl|38472965
2|Lawrence|Farmer|uje@giga.ml|57482936
3|Nora|Thomas|hiemva@bev.gi|94837265
4|Stella|Bridges|wew@foroedu.vc|47182395
5|Mittie|Gibson|uhu@cewnam.cr|29384756
6|Franklin|McDaniel|hi@sasge.lk|48392765
7|Florence|Casey|ewvoduz@vortigcu.om|19283756
8|Bernice|Myers|lumgab@ike.kn|39485736
9|Darrell|Banks|gicah@wakhemot.gr|28374659
10|Janie|Glover|zoji@ukbojpu.tn|38475692
11|Lucille|Lyons|ibenari@zojutiz.us|12384756
12|Nannie|Barber|ribewif@wovhi.ug|19384762
13|Millie|Lucas|viwpil@gusij.tl|57483962
14|Don|Hamilton|zabluj@cutac.ni|28374569
15|Randy|Schmidt|ra@bagra.ke|19834576
16|Barbara|Simpson|jekad@sogma.gs|38426195
17|Lena|Owen|lup@coc.gt|62738419
18|Dominic|Potter|iwemofof@ras.ba|38574962
19|Agnes|Burton|ifoke@tevcaz.net|76429385
20|Mitchell|Todd|anbi@tan.vn|19874562
21|Ivan|Massey|wapjuiha@fa.bv|58372946
22|Annie|Burke|wotsu@felushor.ch|47283956
23|Phillip|Rodgers|reb@togetace.ca|10293847
24|Marian|Sanders|ro@tokamkor.edu|74928365
25|Christine|Huff|gi@las.tr|57483962
26|Noah|Henderson|le@avemofe.vu|19384756
27|Helena|Parsons|avjep@gin.at|38475692
28|Polly|Mason|vethup@bos.gh|57284693
29|Alfred|Clayton|sannor@fafamfo.mw|58473926
30|May|Dixon|lulli@gisove.be|27483965
31|Roy|Richardson|kif@usgaga.fi|39485726
32|Myra|Lucas|co@ob.tz|12938475
33|Johanna|Luna|ge@modaf.io|43764598
34|Virginia|Greene|huecanod@ra.lk|57283946
35|Evan|Romero|nukji@hahac.eg|57382941
36|Alberta|Hunt|igelesu@kibuj.nf|98745632
37|Bernice|Nichols|ce@efuhoj.sz|23487659
38|Madge|Adkins|iramu@punur.rs|29384765
39|Lilly|Rodgers|gumilu@womah.lt|19283746
40|Allen|Ramirez|ecawero@vu.pg|37482965
41|Alma|Ramirez|ibo@siza.hn|48273659
42|Ollie|McGuire|edo@na.hu|29485736
43|Owen|Figueroa|elo@ohe.fo|47283965
44|Josie|Cummings|zabohrif@ban.jo|93847265
45|Rhoda|Wise|nosmo@tet.kp|92387456
46|Iva|Russell|agfaam@veerazus.vi|92468573
47|Gregory|Frank|dovo@viroh.bq|57382946
48|Juan|Patterson|de@keggenba.no|65918734
49|Jesus|Phillips|ob@cewveddu.dz|84739265
50|Theresa|Miles|ij@wutofra.sx|29384765
51|Jackson|Vargas|tuv@hew.mz|58394726
52|Francis|Christensen|gojcuuze@forag.mh|57382946
53|Sallie|Robbins|tezenloj@luddapus.gy|37584962
54|Lida|Gill|pawaci@denoni.ci|91837465
55|Ina|Vaughn|duvapopel@paeb.ch|57283641
56|Clifford|Park|cajin@zilitag.ai|23874659
57|Winifred|Rose|darfu@tioka.om|83746529
58|Brent|Atkins|heb@ruraum.dk|28394756
59|Francis|Gibbs|werwu@nomfanu.gn|38574962
60|Evelyn|Schneider|nevgib@wavojja.mc|58376149
61|Lora|Bass|pifku@gaf.tz|48273659
62|Belle|Jefferson|lecwuput@kuraj.br|92837465
63|Clayton|Martin|opu@peposos.id|19876543
64|Shane|Parker|pi@kohpibnug.cn|72349618
65|Myrtie|Rose|cahakised@pu.no|38429576
66|Larry|Fitzgerald|if@nivwepwuw.md|48572936
67|Scott|Parks|hefa@tutajnon.vu|43407746
68|Bernice|Andrews|mes@suamuviv.ky|29384756
69|Celia|Wolfe|zu@witlegziv.ls|43645647
70|Erik|Floyd|eviden@ecicjes.bi|83746512
71|Rachel|Ferguson|nafuklor@itovutu.ag|38492765
72|Pearl|Rowe|mizusa@en.dz|19837456
73|Beulah|Copeland|vuv@cukrocje.pr|19284756
74|Alberta|Hammond|loruploz@gi.bq|83947265
75|Louise|Mills|li@apsow.af|38475629
76|Scott|Sparks|ajpo@ez.sd|48273956
77|Alex|Bates|pabva@efuc.am|28473956
78|Corey|Fuller|za@jettaeca.bw|29483756
79|Elsie|McKinney|het@ututjar.bj|48275693
80|Frances|Gill|ropo@goh.mp|57283946
81|Ryan|Phillips|gojdo@taz.nu|64738295
82|Zachary|Bryan|sehharpos@jep.al|29384765
83|Luis|Park|wobsu@teow.nf|75839264
84|Lily|Henderson|jauluges@vi.tf|48273659
85|Clarence|Baker|tuepi@uvipi.mo|84739256
86|Ernest|Carson|vihafdu@vojemiw.va|29387465
87|Leona|Allison|tehne@zih.me|29475638
88|Mabelle|McCoy|hun@jesnup.sy|43526697
89|Jane|Watson|de@dew.cw|74619283
90|Johanna|Copeland|harwup@pizehki.ws|93847265
91|Jonathan|Herrera|di@nuise.gp|28364759
92|Jennie|Hawkins|do@zutaw.pl|83094527
93|Susie|Bailey|ped@celsulobu.mr|58394726
94|Owen|Hunt|tewih@opokivi.tf|58362947
95|Rose|Arnold|ifweiza@vovwu.lc|19384765
96|Isaiah|Hogan|nigug@zarouha.ly|58394762
97|Jordan|Tran|va@teigaud.mo|58293647
98|Winifred|Phelps|jejiguhon@ubweuh.tc|84927365
99|Franklin|Mann|huzudoh@nodiwvat.sj|57493826
100|Leroy|Brewer|sinok@ahifoke.hn|56473829
